ID,NAME,GENDER,DEPARTMENT,DESIGNATION,ZONE,REGION,DOJ,MARKS
E0001,Parasu Murthy,Male,Business Development,Manager,North East,Manipur,03/Jan/2011,52
E0002,Pradeep Sharma,Male,Marketing,Executive,North,Uttar Pradesh,04/Jan/2011,57
E0003,Mukesh Pathak,Male,Customer Service,Executive,Central,Chhattisgarh,05/Jan/2011,61
E0004,Deep Sharma,Male,Sales,Manager,West,Maharashtra,09/Jan/2011,72
E0005,Andy Richards,Male,Analytics,Executive,East,Bihar,11/Jan/2011,95
E0006,Krishna Gopal Jaiswal,Male,Finance,Senior Manager,South,Andhra Pradesh,12/Jan/2011,100
E0007,Kamal Gera,Male,Marketing,Senior Executive,North,Jammu and Kashmir,12/Jan/2011,94
E0008,Satish Kumar Saini,Male,Finance,Manager,North East,Tripura,18/Jan/2011,84
E0009,Mansi Dani,Male,Finance,Manager,North,Uttar Pradesh,19/Jan/2011,92
E0010,Vinayak M. Rane,Male,Robotics,Senior Manager,North,Uttar Pradesh,24/Jan/2011,82
E0011,Paris Winfrey,Male,Quality,Senior Manager,East,West Bengal,25/Jan/2011,62
E0012,Amit Kotia,Male,Business Development,Senior Manager,North East,Sikkim,27/Jan/2011,82
E0013,Saraboji R,Male,Customer Service,Assistant Manager,North,Himachal Pradesh,30/Jan/2011,55
E0014,Vinod Gupta,Male,Administration,Senior Manager,North,Punjab,30/Jan/2011,58
E0015,Simon Ranjan Minz,Male,Management,COO,East,West Bengal,02/Feb/2011,68
E0016,Niranjan Singh Jagde,Male,Quality,Deputy General Manager,North East,Nagaland,12/Feb/2011,94
E0017,Paul Goodman,Male,Marketing,Senior Manager,North,Jammu and Kashmir,12/Feb/2011,69
E0018,Vinod Kumar N Patel,Male,Customer Service,Assistant Manager,North,Jammu and Kashmir,13/Feb/2011,76
E0019,Ashutosh Verma,Male,Business Development,Senior Executive,North East,Tripura,17/Feb/2011,74
E0020,Arashdeep Singh,Male,Quality,Manager,West,Goa,17/Feb/2011,94
E0021,Himanshu Jain,Male,Robotics,Assistant Manager,East,Odisha,17/Feb/2011,54
E0022,Imteyaz Haider,Male,Finance,Manager,South,Kerala,18/Feb/2011,89
E0023,Tarun Kakkar,Male,Customer Service,Manager,North East,Assam,23/Feb/2011,86
E0024,Mahakar Singh Chauhan,Male,Finance,Assistant Manager,South,Kerala,26/Feb/2011,74
E0025,Arputha Jega Arun L,Female,Information Technology,Senior Manager,North,Delhi,02/Mar/2011,88
E0026,Ajay Singh Rana,Male,Information Technology,Executive,North,Rajasthan,03/Mar/2011,91
E0027,Sanchi Agarwal,Male,Quality,Assistant Manager,North,Delhi,06/Mar/2011,76
E0028,Dharmendra Singh,Male,Quality,Assistant Manager,North East,Sikkim,07/Mar/2011,57
E0029,Rajesh Kumar Rana,Male,Business Development,Senior Manager,East,Odisha,08/Mar/2011,76
E0030,Vinayak Korgaonkar,Male,Quality,Assistant Manager,North East,Manipur,13/Mar/2011,78
E0031,Subhash Bisht,Male,Finance,Executive,North,Delhi,18/Mar/2011,77
E0032,Tarun Kumar,Male,Finance,Manager,North East,Tripura,23/Mar/2011,86
E0033,Abdul Ahmed,Male,Customer Service,Executive,West,Goa,24/Mar/2011,56
E0034,Amit Kaushal,Male,Robotics,Senior Manager,North East,Nagaland,29/Mar/2011,56
E0035,Jagjit Singh,Male,Customer Service,Senior Executive,North East,Meghalaya,03/Apr/2011,84
E0036,Rajesh Kumar D Singh,Male,Customer Service,Assistant Manager,Central,Chhattisgarh,07/Apr/2011,75
E0037,Saket Tripathi,Male,Finance,Executive,North East,Arunachal Pradesh,12/Apr/2011,52
E0038,Raghu Bir Singh,Male,Marketing,Assistant Manager,Central,Chhattisgarh,17/Apr/2011,73
E0039,Anil Kumar,Male,Marketing,Manager,North,Jammu and Kashmir,21/Apr/2011,55
E0040,Anjali Agarwal,Female,Customer Service,Assistant Manager,North,Delhi,24/Apr/2011,57
E0041,Jatin Rekhi,Male,Finance,Manager,East,Jharkhand,02/May/2011,80
E0042,Amit Sharma,Male,Sales,Senior Manager,North East,Mizoram,02/May/2011,94
E0043,Sompal Sharma,Male,Business Development,Senior Manager,North,Himachal Pradesh,08/May/2011,92
E0044,Akash Agarwal,Male,Analytics,Senior Executive,North East,Assam,10/May/2011,66
E0045,Praveen Pandey,Male,Human Resource,Executive,North East,Assam,13/May/2011,88
E0046,Avinash Yetala Bhagat,Male,Customer Service,Executive,North East,Mizoram,14/May/2011,52
E0047,Sanjay Kumar,Male,Finance,Accountant,North,Himachal Pradesh,20/May/2011,69
E0048,Deepak Thakur,Male,Finance,Senior Manager,North East,Mizoram,22/May/2011,63
E0049,Dan Armstrong,Male,Sales,Manager,North,Punjab,26/May/2011,52
E0050,Sachin Kumar Sharma,Male,Information Technology,Manager,North East,Sikkim,27/May/2011,56
E0051,Vikas Gupta,Male,Marketing,Senior Manager,South,Tamil Nadu,30/May/2011,54
E0052,Yachna Jain,Female,Quality,Senior Executive,North,Haryana,30/May/2011,76
E0053,Nitin Taran Jain,Male,Quality,Executive,East,Jharkhand,31/May/2011,86
E0054,Pawan Kumar,Male,Management,COO,North,Rajasthan,11/Jun/2011,70
E0055,Rahman Xess,Male,Sales,Executive,West,Gujarat,15/Jun/2011,89
E0056,Nishant Goyal,Male,Sales,Senior Executive,South,Kerala,16/Jun/2011,81
E0057,Vikram Kanojia,Male,Sales,Assistant Manager,North East,Manipur,16/Jun/2011,50
E0058,Tamil Selvan,Male,Analytics,Senior Manager,North,Delhi,25/Jun/2011,94
E0059,Ajay Shukla,Male,Management,COO,North East,Assam,02/Jul/2011,81
E0060,Sharad Sharma,Male,Customer Service,Manager,West,Gujarat,07/Jul/2011,81
E0061,Sonika Dhingra,Female,Information Technology,Assistant Manager,North,Delhi,09/Jul/2011,88
E0062,Manoj Petshali,Male,Finance,Manager,North East,Arunachal Pradesh,09/Jul/2011,93
E0063,Varun Sareen,Male,Customer Service,Executive,Central,Madhya Pradesh,10/Jul/2011,89
E0064,Navin Kumar,Male,Customer Service,Senior Manager,South,Karnataka,13/Jul/2011,51
E0065,HimaniGoel,Female,Business Development,Assistant Manager,North,Uttar Pradesh,16/Jul/2011,59
E0066,Deepak Sharma,Male,Finance,General Manager,South,Tamil Nadu,16/Jul/2011,67
E0067,Rakesh Sharma,Male,Information Technology,Manager,West,Maharashtra,17/Jul/2011,59
E0068,Rajeev Gupta,Male,Customer Service,Manager,East,West Bengal,21/Jul/2011,71
E0069,Ashwini Garg,Male,Customer Service,Executive,North East,Arunachal Pradesh,01/Aug/2011,86
E0070,Swati Negi,Female,Quality,Senior Manager,North,Rajasthan,06/Aug/2011,59
E0071,Gaurav Gigras,Male,Analytics,Senior Manager,North,Uttar Pradesh,07/Aug/2011,57
E0072,Charles Monroe,Male,Information Technology,Assistant Manager,East,West Bengal,09/Aug/2011,70
E0073,Shubham Banka,Male,Finance,Manager,Central,Chhattisgarh,10/Aug/2011,91
E0074,Bohitesh Misra,Male,Quality,Senior Manager,West,Maharashtra,10/Aug/2011,80
E0075,Sitaram Seth,Male,Sales,Assistant Manager,South,Tamil Nadu,13/Aug/2011,77
E0076,Mini Priyanka,Female,Marketing,Senior Manager,West,Maharashtra,14/Aug/2011,86
E0077,Rakshit Avasthy,Male,Information Technology,Executive,North East,Assam,16/Aug/2011,77
E0078,Sankar Prasad Acharya,Male,Analytics,Senior Manager,North,Uttarakhand,18/Aug/2011,76
E0079,Gaurav Kumar,Male,Finance,Executive,North,Haryana,21/Aug/2011,90
E0080,Mukul Kumar Singhal,Male,Information Technology,Senior Manager,North East,Nagaland,23/Aug/2011,58
E0081,Akash Mohan,Male,Information Technology,Senior Executive,East,West Bengal,28/Aug/2011,94
E0082,Chandra Shekhar Singh,Male,Customer Service,Executive,West,Maharashtra,01/Sep/2011,83
E0083,Vishal Thapa,Male,Sales,Assistant Manager,West,Goa,07/Sep/2011,93
E0084,Deepak Yadav,Male,Finance,Senior Executive,North East,Mizoram,08/Sep/2011,91
E0085,Akhil Gupta,Male,Business Development,President,North East,Tripura,09/Sep/2011,88
E0086,Ashim Lal,Male,Analytics,Senior Executive,Central,Madhya Pradesh,14/Sep/2011,73
E0087,Anoop Dhasmana,Male,Customer Service,Senior Executive,North,Delhi,14/Sep/2011,88
E0088,Kapil Kumar Goyal,Male,Quality,Executive,West,Maharashtra,14/Sep/2011,78
E0089,Kartikeya Kachhwal,Male,Business Development,Senior Manager,East,Odisha,15/Sep/2011,81
E0090,Archana Singh,Female,Management,COO,West,Goa,18/Sep/2011,89
E0091,Viharsh Bhardwaj,Male,Marketing,Executive,East,West Bengal,19/Sep/2011,76
E0092,Nitin Ramesh,Male,Sales,Executive,North East,Manipur,23/Sep/2011,54
E0093,Naveen Dadu,Male,Sales,Manager,South,Andhra Pradesh,25/Sep/2011,54
E0094,Shailendra Dwivedi,Male,Marketing,Assistant Manager,North East,Nagaland,28/Sep/2011,75
E0095,Virender Singh,Male,Customer Service,Senior Executive,West,Goa,01/Oct/2011,66
E0096,Abhishek Srivastava,Male,Business Development,Manager,North East,Sikkim,02/Oct/2011,82
E0097,Oprah Hilton,Female,Customer Service,Senior Manager,South,Tamil Nadu,05/Oct/2011,92
E0098,Yogesh Gupta,Male,Marketing,Manager,West,Maharashtra,09/Oct/2011,61
E0099,Smriti Arora,Female,Customer Service,Executive,North East,Nagaland,11/Oct/2011,72
E0100,Loveleen Malhotra,Female,Information Technology,Senior Executive,North East,Manipur,12/Oct/2011,84
E0101,Ashish Bhatia,Male,Business Development,Executive,South,Andhra Pradesh,12/Oct/2011,50
E0102,Ajay Kumar,Male,Information Technology,Senior Executive,West,Goa,13/Oct/2011,72
E0103,Pradeep Kumar Singh,Male,Business Development,Senior Executive,West,Maharashtra,20/Oct/2011,64
E0104,Mrigendra Kumar Singh,Male,Marketing,Manager,North East,Meghalaya,25/Oct/2011,69
E0105,Deepak Kumar,Male,Sales,Manager,North,Delhi,31/Oct/2011,90
E0106,Ankit Gaur,Male,Quality,Assistant Manager,North East,Tripura,01/Nov/2011,60
E0107,Bill Biggs,Male,Finance,Senior Manager,East,West Bengal,02/Nov/2011,65
E0108,Neerja Bhalla,Female,Customer Service,Assistant Manager,North,Delhi,02/Nov/2011,62
E0109,Alok Pandey,Male,Quality,Assistant Manager,North,Haryana,04/Nov/2011,93
E0110,Prabhat Kumar,Male,Quality,Senior Manager,West,Goa,05/Nov/2011,50
E0111,Medhavi Varshney,Female,Information Technology,Senior Executive,West,Maharashtra,11/Nov/2011,83
E0112,Mritunjay Kumar,Male,Information Technology,Assistant Manager,West,Goa,12/Nov/2011,55
E0113,Sarika Gupta,Female,Quality,Manager,East,West Bengal,13/Nov/2011,74
E0114,Rahul Bohra,Male,Marketing,Senior Manager,South,Kerala,15/Nov/2011,71
E0115,Anil Kumar,Male,Management,COO,Central,Madhya Pradesh,16/Nov/2011,58
E0116,Abhinav Jadon,Male,Information Technology,Manager,North,Uttar Pradesh,17/Nov/2011,83
E0117,Shrishty Jindal,Female,Business Development,Senior Manager,East,Bihar,17/Nov/2011,58
E0118,Siddhant Jain,Male,Information Technology,Manager,Central,Madhya Pradesh,18/Nov/2011,64
E0119,Ashutosh Singh,Male,Business Development,Assistant Manager,North,Rajasthan,18/Nov/2011,53
E0120,Parul Singh,Male,Finance,Executive,West,Maharashtra,21/Nov/2011,76
E0121,Mahesh Kumar,Male,Information Technology,Senior Manager,South,Andhra Pradesh,25/Nov/2011,59
E0122,Manish,Male,Sales,Assistant Vice President,North East,Tripura,25/Nov/2011,56
E0123,Rajni Rai,Female,Information Technology,Senior Manager,North,Chandigarh,27/Nov/2011,60
E0124,Tarun Gupta,Male,Information Technology,Senior Executive,North,Rajasthan,28/Nov/2011,58
E0125,Ambika Kumari,Female,Customer Service,Senior Manager,North,Delhi,29/Nov/2011,64
E0126,Vivek Kumar Mishra,Male,Business Development,Senior Manager,North,Himachal Pradesh,30/Nov/2011,89
E0127,Anoop Kumar Singh,Male,Business Development,Senior Executive,North,Uttarakhand,30/Nov/2011,74
E0128,Rajeev Nandan Mishra,Male,Information Technology,Senior Executive,West,Maharashtra,03/Dec/2011,85
E0129,Nitin Paliwal,Male,Information Technology,Software Engineer,North,Rajasthan,05/Dec/2011,84
E0130,Varun Sharma,Male,Customer Service,Executive,East,West Bengal,15/Dec/2011,63
E0131,Sonia Mehra,Female,Information Technology,Senior Manager,South,Karnataka,17/Dec/2011,71
E0132,Prashant Gupta,Male,Administration,Executive,North,Rajasthan,17/Dec/2011,79
E0133,Ekant Bhardwaj,Male,Information Technology,Executive,South,Tamil Nadu,22/Dec/2011,76
E0134,Colin Sanderson,Male,Finance,Executive,West,Gujarat,24/Dec/2011,57
E0135,Rajeev Tiwari,Male,Business Development,Senior Manager,East,Odisha,26/Dec/2011,55
E0136,Archit Bhatt,Male,Quality,Executive,North East,Mizoram,26/Dec/2011,60
E0137,Arpita Srivastava,Female,Analytics,Executive,West,Gujarat,29/Dec/2011,54
E0138,Omendra Singh,Male,Management,COO,South,Karnataka,30/Dec/2011,90
E0139,Ashish Shukla,Male,Business Development,Manager,North East,Assam,01/Jan/2012,81
E0140,Surender Kumar,Male,Information Technology,Software Engineer,West,Maharashtra,06/Jan/2012,76
E0141,Pavan Parashar,Male,Analytics,Senior Manager,North,Punjab,09/Jan/2012,54
E0142,Nikhil Popal Gangawane,Male,Administration,Assistant Manager,North,Rajasthan,12/Jan/2012,55
E0143,Girish Kumar,Male,Customer Service,Manager,West,Maharashtra,13/Jan/2012,84
E0144,Niraj Kumar Gupta,Male,Finance,Manager,East,West Bengal,14/Jan/2012,82
E0145,Rahul Singh,Male,Customer Service,Executive,West,Goa,17/Jan/2012,63
E0146,Tejinder Puri,Male,Finance,Senior Executive,West,Gujarat,18/Jan/2012,66
E0147,Kavita Saini,Female,Quality,Senior Executive,North,Uttarakhand,29/Jan/2012,91
E0148,Durgesh Kumar,Male,Business Development,Manager,North East,Mizoram,03/Feb/2012,90
E0149,Amarjeet Singh,Male,Customer Service,Assistant Manager,South,Kerala,03/Feb/2012,93
E0150,Rohit Seth,Male,Quality,Senior Manager,South,Andhra Pradesh,04/Feb/2012,53
E0151,Navneet Jain,Male,Analytics,Senior Executive,North,Jammu and Kashmir,05/Feb/2012,53
E0152,Ravindra Saini,Male,Marketing,Executive,North,Rajasthan,06/Feb/2012,81
E0153,Dimple Makhija,Male,Customer Service,Executive,North,Delhi,06/Feb/2012,63
E0154,Amit Tiwari,Male,Sales,Manager,North,Jammu and Kashmir,08/Feb/2012,95
E0155,Vinod Kumar Bajaj,Male,Finance,Executive,North,Himachal Pradesh,11/Feb/2012,67
E0156,Vineet Singh Talan,Male,Information Technology,Executive,West,Goa,12/Feb/2012,76
E0157,Himanshu Pradhan,Male,Customer Service,Executive,North East,Tripura,19/Feb/2012,66
E0158,Nitish Jasra,Male,Sales,Assistant Manager,North,Uttarakhand,24/Feb/2012,81
E0159,A C Prithviraj,Male,Finance,Manager,North,Rajasthan,26/Feb/2012,95
E0160,Pramod Shivaji Deshmukh,Male,Customer Service,Executive,South,Karnataka,29/Feb/2012,71
E0161,Atul Kumar Dhomne,Male,Information Technology,Executive,North East,Meghalaya,02/Mar/2012,59
E0162,Pratap Kumar Patra,Male,Quality,Assistant Manager,North,Delhi,02/Mar/2012,94
E0163,Alok Rai,Male,Marketing,Manager,North East,Nagaland,03/Mar/2012,85
E0164,Rajesh Kumar,Male,Finance,Senior Manager,North,Himachal Pradesh,04/Mar/2012,57
E0165,Mahender Mendiratta,Male,Quality,Executive,North,Jammu and Kashmir,04/Mar/2012,67
E0166,Praveen Kumar Pandey,Male,Customer Service,Senior Executive,North,Delhi,06/Mar/2012,80
E0167,Saurabh Kumar,Male,Finance,Chartered Accountant,East,West Bengal,14/Mar/2012,73
E0168,Neha Sharma,Female,Sales,Assistant Manager,North East,Meghalaya,14/Mar/2012,64
E0169,Parveen Kumar,Male,Management,Executive,East,Jharkhand,17/Mar/2012,88
E0170,Kirti Kumar Agarwal,Male,Administration,Manager,North,Uttar Pradesh,19/Mar/2012,64
E0171,Akhilesh Goyal,Male,Quality,Senior Executive,North East,Nagaland,27/Mar/2012,93
E0172,Mahesh Chandra,Male,Marketing,Senior Manager,North East,Arunachal Pradesh,30/Mar/2012,75
E0173,Bhagat Singh Lahauriya,Male,Business Development,Executive,North,Punjab,01/Apr/2012,52
E0174,Vivek HB,Male,Marketing,Executive,South,Tamil Nadu,07/Apr/2012,62
E0175,Mohan Raj S,Male,Sales,Senior Manager,West,Maharashtra,11/Apr/2012,80
E0176,Dashisht Bhardwaj,Male,Sales,Senior Executive,Central,Chhattisgarh,16/Apr/2012,87
E0177,Swarnima Deepak,Female,Information Technology,Executive,North East,Manipur,17/Apr/2012,80
E0178,Bhaskar Sharma,Male,Marketing,Senior Executive,North East,Nagaland,17/Apr/2012,84
E0179,Anup Nandkishor Pathak,Male,Finance,Senior Executive,North East,Mizoram,19/Apr/2012,73
E0180,Kedar Singh Deshmukh,Male,Marketing,Senior Manager,North,Rajasthan,20/Apr/2012,63
E0181,Rajesh Kumar Saini,Male,Customer Service,Manager,North,Haryana,21/Apr/2012,55
E0182,Pramod Chhonker,Male,Customer Service,Executive,North,Uttar Pradesh,30/Apr/2012,50
E0183,Chetan Kumar Rexwal,Male,Customer Service,Assistant Manager,North,Haryana,30/Apr/2012,57
E0184,Vandana Avantsa,Female,Administration,Executive,West,Gujarat,01/May/2012,57
E0185,Pulkit Agrwal,Male,Customer Service,Executive,North,Uttarakhand,07/May/2012,89
E0186,Dileep Singh,Male,Quality,Executive,North East,Mizoram,13/May/2012,66
E0187,Arun Soni,Male,Analytics,Senior Manager,West,Goa,13/May/2012,68
E0188,Mrigesh Gupta,Male,Marketing,Senior Manager,South,Kerala,14/May/2012,69
E0189,Prashant Rajpal,Male,Customer Service,Assistant Manager,West,Goa,14/May/2012,91
E0190,Girraj Kishore,Male,Sales,Manager,North,Jammu and Kashmir,17/May/2012,66
E0191,Ankit Goyal,Male,Marketing,Executive,North East,Manipur,24/May/2012,69
E0192,Dhruv Mangal,Male,Information Technology,Software Engineer,South,Andhra Pradesh,25/May/2012,57
E0193,Ashutosh Saini,Male,Finance,Accountant,North,Himachal Pradesh,26/May/2012,78
E0194,Amit Shukla,Male,Sales,Manager,North,Chandigarh,26/May/2012,61
E0195,Pankaj Kumar Lakhchaura,Male,Marketing,Senior Manager,North East,Mizoram,29/May/2012,62
E0196,Ravi Ranjan,Male,Marketing,Executive,Central,Madhya Pradesh,30/May/2012,62
E0197,Ravinder Kumar,Male,Marketing,Senior Manager,North,Delhi,05/Jun/2012,84
E0198,Sameer Nassa,Male,Sales,Assistant Manager,North,Uttar Pradesh,07/Jun/2012,84
E0199,Michal Jolie,Male,Marketing,Senior Executive,East,Odisha,13/Jun/2012,87
E0200,Ankush Chander,Male,Information Technology,Manager,North,Jammu and Kashmir,20/Jun/2012,71
E0201,Ananya Nath,Female,Information Technology,Manager,North,Haryana,27/Jun/2012,59
E0202,Sukhmanpreet Singh,Male,Information Technology,Software Engineer,North,Rajasthan,29/Jun/2012,85
E0203,Swetabh Rath,Male,Customer Service,Senior Manager,North East,Sikkim,29/Jun/2012,63
E0204,Sanwaria Parshad Mathur,Male,Finance,Senior Manager,West,Goa,01/Jul/2012,70
E0205,Ragula Lakshmi Praveen,Male,Sales,Manager,North East,Tripura,02/Jul/2012,92
E0206,Piyush Rawat,Male,Sales,Assistant Manager,North East,Nagaland,06/Jul/2012,59
E0207,Vinamra Trivedi,Male,Finance,Manager,South,Kerala,10/Jul/2012,62
E0208,Kanchan Arora,Female,Quality,Executive,South,Tamil Nadu,14/Jul/2012,51
E0209,Varun Kumar,Male,Marketing,Manager,East,Jharkhand,18/Jul/2012,69
E0210,Pallavi Srivastava,Male,Finance,Manager,North East,Mizoram,20/Jul/2012,90
E0211,Reena Rawat,Female,Information Technology,Executive,South,Tamil Nadu,23/Jul/2012,70
E0212,Nandita Saxena,Female,Quality,Executive,North,Chandigarh,25/Jul/2012,71
E0213,Sanjay Kothari,Male,Information Technology,Assistant Manager,South,Kerala,26/Jul/2012,95
E0214,Ruchi,Female,Information Technology,Senior Executive,West,Goa,26/Jul/2012,62
E0215,Aasif Risad,Male,Customer Service,Senior Manager,East,Bihar,27/Jul/2012,76
E0216,Ashutosh Sharma,Male,Customer Service,Executive,East,Jharkhand,28/Jul/2012,60
E0217,Deepa Maheshwari,Female,Marketing,Senior Manager,South,Tamil Nadu,28/Jul/2012,84
E0218,Saurabh Das,Male,Marketing,Senior Manager,East,Jharkhand,31/Jul/2012,87
E0219,Shashank Kumar Singh,Male,Information Technology,Senior Manager,North,Jammu and Kashmir,05/Aug/2012,74
E0220,George Marley,Male,Customer Service,Senior Manager,North,Delhi,05/Aug/2012,58
E0221,Saif Siddiqui,Male,Finance,Senior Executive,East,Bihar,06/Aug/2012,66
E0222,Jyolsna ,Female,Quality,Manager,North,Uttarakhand,12/Aug/2012,81
E0223,Pramod Singh,Male,Marketing,Senior Manager,Central,Chhattisgarh,14/Aug/2012,58
E0224,Anil Kumar,Male,Finance,Assistant Manager,North,Uttar Pradesh,15/Aug/2012,80
E0225,Sumit Saroha,Male,Information Technology,Senior Executive,North,Chandigarh,17/Aug/2012,95
E0226,Monu Kumar,Male,Information Technology,Software Engineer,North,Delhi,20/Aug/2012,95
E0227,Haresh Chandwani,Male,Analytics,Senior Manager,North,Chandigarh,20/Aug/2012,61
E0228,Nitin Mehta,Male,Customer Service,Senior Executive,North East,Tripura,22/Aug/2012,91
E0229,Som Dutt Mehta,Male,Information Technology,Software Engineer,East,Bihar,25/Aug/2012,64
E0230,Ghanshyam Sharma,Male,Marketing,Assistant Manager,North,Jammu and Kashmir,25/Aug/2012,86
E0231,Aslam Shahzad,Male,Customer Service,Executive,North,Delhi,26/Aug/2012,85
E0232,Nitin Gupta,Male,Business Development,Senior Executive,East,Odisha,28/Aug/2012,84
E0233,Nasir Jamal,Male,Marketing,Manager,North East,Arunachal Pradesh,28/Aug/2012,71
E0234,Amit Ahuja,Male,Marketing,Senior Executive,North East,Arunachal Pradesh,29/Aug/2012,56
E0235,Amit Sidana,Male,Business Development,General Manager,North East,Meghalaya,03/Sep/2012,57
E0236,Vivek Jain,Male,Customer Service,Manager,Central,Chhattisgarh,04/Sep/2012,88
E0237,Mintu Sharma,Male,Information Technology,Software Engineer,East,Jharkhand,04/Sep/2012,93
E0238,Sachin Tyagi,Male,Marketing,Senior Executive,North,Jammu and Kashmir,04/Sep/2012,64
E0239,Rajesh Tripathi,Male,Sales,Executive,North,Chandigarh,11/Sep/2012,71
E0240,S.Chandran,Male,Customer Service,Executive,North East,Meghalaya,19/Sep/2012,70
E0241,prashant dhingra,Male,Customer Service,Executive,South,Karnataka,19/Sep/2012,74
E0242,Dheeraj Sharma,Male,Sales,Executive,Central,Madhya Pradesh,19/Sep/2012,85
E0243,Harendra Singh Rawat,Male,Business Development,Manager,North East,Manipur,25/Sep/2012,94
E0244,Vineet Dadheech,Male,Business Development,Manager,North East,Tripura,27/Sep/2012,80
E0245,Vivek Kumar Srivastava,Male,Customer Service,Executive,South,Tamil Nadu,29/Sep/2012,74
E0246,Deepak Srivastava,Male,Business Development,Manager,South,Andhra Pradesh,02/Oct/2012,62
E0247,Aniruddha Subhash Jadhav,Male,Sales,Assistant Manager,North,Uttarakhand,08/Oct/2012,71
E0248,nitinsharma,Male,Customer Service,Executive,North East,Mizoram,11/Oct/2012,84
E0249,Kenichi Shinohara,Male,Customer Service,Assistant Manager,Central,Madhya Pradesh,13/Oct/2012,86
E0250,Arun Kumar Gangal,Male,Marketing,Senior Manager,North East,Sikkim,13/Oct/2012,81
E0251,Swadheen Kumar Dash,Male,Human Resource,Senior Executive,North East,Nagaland,16/Oct/2012,64
E0252,Swati Tulsian,Female,Sales,Assistant Manager,North,Haryana,21/Oct/2012,68
E0253,Vishwas Sharma,Male,Analytics,Manager,North,Chandigarh,22/Oct/2012,55
E0254,Manik Gupta,Male,Finance,Manager,Central,Chhattisgarh,23/Oct/2012,58
E0255,Ashish Kumar Namdev,Male,Human Resource,General Manager,North East,Meghalaya,29/Oct/2012,65
E0256,Ravi Rathi,Male,Human Resource,Director,North East,Nagaland,31/Oct/2012,73
E0257,Pawan Kumar,Male,Customer Service,Assistant Manager,North,Uttar Pradesh,01/Nov/2012,62
E0258,Vinay Arora,Male,Sales,Assistant Manager,West,Maharashtra,05/Nov/2012,85
E0259,Neeraj Kumar,Male,Analytics,Executive,North East,Mizoram,09/Nov/2012,79
E0260,Shalini Singh,Female,Business Development,Executive,North East,Tripura,11/Nov/2012,75
E0261,Nallan C Vamsidhar,Male,Finance,Executive,North,Jammu and Kashmir,12/Nov/2012,80
E0262,Saurav Palit,Male,Analytics,Executive,North East,Assam,14/Nov/2012,88
E0263,Rajendra Prasad Malik,Male,Sales,Senior Executive,North East,Assam,15/Nov/2012,57
E0264,Utkarsh Gupta,Male,Business Development,Assistant Manager,North East,Meghalaya,15/Nov/2012,89
E0265,Kamlesh Kumar Yadav,Male,Customer Service,Assistant Manager,North East,Manipur,17/Nov/2012,50
E0266,Harmeet Kohli,Male,Business Development,Senior Executive,East,Jharkhand,17/Nov/2012,75
E0267,Alex George,Male,Sales,Senior Manager,North,Himachal Pradesh,18/Nov/2012,70
E0268,Jnyanendra Sethi,Male,Quality,Executive,West,Maharashtra,22/Nov/2012,55
E0269,Shailendra Singh Tomar,Male,Analytics,President,North East,Arunachal Pradesh,24/Nov/2012,60
E0270,Ekta Uniyal,Female,Customer Service,Executive,North East,Tripura,27/Nov/2012,61
E0271,Deepak Singh Negi,Male,Sales,Assistant Manager,North East,Nagaland,02/Dec/2012,57
E0272,Karan Sareen,Male,Quality,Manager,Central,Chhattisgarh,03/Dec/2012,75
E0273,Michael Hicks,Male,Sales,Executive,North East,Mizoram,05/Dec/2012,59
E0274,Rupam Dasgupta,Male,Sales,Assistant Manager,North,Rajasthan,07/Dec/2012,88
E0275,Sushil Kumar,Male,Business Development,Senior Manager,North,Delhi,09/Dec/2012,82
E0276,Vibhor Rawat,Male,Sales,Assistant Manager,North East,Mizoram,11/Dec/2012,71
E0277,Lalit Singh,Male,Finance,Manager,North East,Assam,14/Dec/2012,74
E0278,Anil Rawat,Male,Human Resource,Senior Manager,North East,Tripura,15/Dec/2012,71
E0279,Manuj Saxena,Male,Analytics,Executive,North East,Arunachal Pradesh,16/Dec/2012,81
E0280,Gopal Kumar,Male,Customer Service,Senior Manager,North East,Meghalaya,16/Dec/2012,74
E0281,Anuradha Raina,Female,Information Technology,Executive,North,Uttarakhand,19/Dec/2012,50
E0282,Shivkant Pathak,Male,Business Development,Senior Executive,East,West Bengal,20/Dec/2012,85
E0283,Navdeep Singh,Male,Customer Service,Assistant Manager,North,Chandigarh,21/Dec/2012,79
E0284,Kunwar Gaurav,Male,Finance,Assistant Manager,North East,Nagaland,22/Dec/2012,63
E0285,Ratankumar Sah,Male,Information Technology,Manager,Central,Chhattisgarh,23/Dec/2012,88
E0286,Bhupesh Nischal,Male,Customer Service,Senior Manager,West,Goa,25/Dec/2012,74
E0287,Yogesh Tripathi,Male,Finance,Senior Executive,North,Delhi,29/Dec/2012,67
E0288,Ankur Kumar Tyagi,Male,Analytics,Manager,North,Chandigarh,30/Dec/2012,89
E0289,Vijayendra Kumar,Male,Business Development,Manager,North,Punjab,02/Jan/2013,90
E0290,Avanish Pathak,Male,Marketing,Executive,North East,Nagaland,03/Jan/2013,61
E0291,Ravi Kumar Rajput,Male,Human Resource,Vice President,East,Jharkhand,04/Jan/2013,78
E0292,Vimal Manchanda,Male,Customer Service,Assistant Vice President,North,Rajasthan,05/Jan/2013,84
E0293,Sharad Madan,Male,Quality,Assistant Manager,East,West Bengal,06/Jan/2013,66
E0294,Niranjan Singh,Male,Sales,Senior Executive,North,Uttar Pradesh,06/Jan/2013,72
E0295,Angelina Osbourne,Male,Finance,Senior Manager,Central,Madhya Pradesh,08/Jan/2013,84
E0296,Nidhi Sharma,Female,Customer Service,Senior Manager,North,Uttar Pradesh,13/Jan/2013,53
E0297,Ashok Sharma,Male,Finance,Assistant Manager,North East,Assam,15/Jan/2013,87
E0298,Deepak Kumar Bisht,Male,Sales,Senior Executive,North,Jammu and Kashmir,22/Jan/2013,55
E0299,Rajesh Jain,Male,Customer Service,Executive,North East,Nagaland,23/Jan/2013,70
E0300,Munindra Kumar Narayan,Male,Customer Service,Vice President,North East,Assam,24/Jan/2013,85
E0301,Aditya Mohan Chaturvedi,Male,Quality,Senior Manager,North,Haryana,26/Jan/2013,69
E0302,Heiko Scholtysek,Male,Information Technology,General Manager,Central,Chhattisgarh,27/Jan/2013,95
E0303,Saami Anwer,Male,Marketing,Manager,South,Kerala,28/Jan/2013,66
E0304,Mohit Gupta,Male,Analytics,Assistant Manager,West,Gujarat,29/Jan/2013,91
E0305,Kishan Lal Meena,Male,Customer Service,Executive,South,Karnataka,29/Jan/2013,73
E0306,Anurag Kumar,Male,Information Technology,Senior Executive,North,Jammu and Kashmir,04/Feb/2013,91
E0307,Jitendra Singh,Male,Business Development,Vice President,West,Goa,05/Feb/2013,75
E0308,Sudhagar Chinnasamy,Male,Finance,Senior Executive,North,Delhi,08/Feb/2013,91
E0309,Anurag Aggarwal,Male,Information Technology,Manager,North,Punjab,09/Feb/2013,95
E0310,Pankaj Maggu,Male,Quality,Senior Manager,North East,Assam,10/Feb/2013,57
E0311,Ankita Jain,Female,Sales,Senior Manager,North East,Nagaland,12/Feb/2013,76
E0312,Aparna Jain,Female,Marketing,Executive,North East,Tripura,16/Feb/2013,70
E0313,Prasant Kumar Jaiswal,Male,Sales,Assistant Manager,North,Rajasthan,17/Feb/2013,95
E0314,Vivek Pant,Male,Customer Service,Senior Manager,West,Goa,22/Feb/2013,76
E0315,Romil Gaur,Male,Finance,Senior Executive,North,Uttarakhand,26/Feb/2013,76
E0316,Aakash Bhutani,Male,Quality,Senior Manager,North,Jammu and Kashmir,28/Feb/2013,61
E0317,Deepika Pant,Female,Information Technology,Senior Manager,North East,Manipur,02/Mar/2013,58
E0318,Sachin Jain,Male,Sales,Senior Executive,North,Punjab,05/Mar/2013,84
E0319,Vipin Mittal,Male,Analytics,Assistant Manager,Central,Madhya Pradesh,05/Mar/2013,59
E0320,Nishit Chittora,Male,Finance,Senior Manager,North East,Tripura,07/Mar/2013,83
E0321,Amit Agarwal,Male,Analytics,Executive,East,West Bengal,07/Mar/2013,55
E0322,Parveen Kumar,Male,Customer Service,Assistant Manager,East,Jharkhand,09/Mar/2013,87
E0323,Abhishek Tyagi,Male,Marketing,Executive,North,Jammu and Kashmir,09/Mar/2013,79
E0324,Sachin Gaur,Male,Analytics,Senior Executive,East,Bihar,13/Mar/2013,55
E0325,Shashank Goel,Male,Sales,Senior Executive,North East,Sikkim,14/Mar/2013,88
E0326,Pankaj Dubey,Male,Customer Service,Senior Manager,North,Uttar Pradesh,17/Mar/2013,93
E0327,Biswa Ranjan Panigrahi,Male,Quality,Manager,North East,Sikkim,19/Mar/2013,56
E0328,Kirti Anal,Male,Sales,Manager,East,Bihar,22/Mar/2013,72
E0329,Anil Sethi,Male,Marketing,Senior Manager,North,Jammu and Kashmir,23/Mar/2013,94
E0330,Rakesh Kumar Tripathi,Male,Administration,Senior Manager,Central,Madhya Pradesh,01/Apr/2013,72
E0331,Shyam Gupta,Male,Marketing,Senior Manager,North East,Sikkim,04/Apr/2013,70
E0332,Ankita Gupta,Female,Sales,Executive,West,Goa,06/Apr/2013,61
E0333,Pallav Garg,Male,Finance,Executive,South,Andhra Pradesh,06/Apr/2013,92
E0334,SANJEEV SHRIVASTAV,Male,Marketing,Executive,South,Andhra Pradesh,11/Apr/2013,69
E0335,Som Prakash Tiwari,Male,Quality,Senior Executive,South,Tamil Nadu,13/Apr/2013,79
E0336,Jagdish Saxena,Male,Analytics,Vice President,South,Karnataka,14/Apr/2013,65
E0337,Raju Sharma,Male,Information Technology,Senior Manager,North East,Nagaland,15/Apr/2013,80
E0338,Prashant Srivastava,Male,Management,Director,South,Karnataka,18/Apr/2013,72
E0339,Deepak Kumar Singh,Male,Sales,Senior Manager,North,Punjab,24/Apr/2013,62
E0340,Harsh Kumar Singh,Male,Customer Service,Senior Executive,North,Rajasthan,27/Apr/2013,81
E0341,Gaurav Vohra,Male,Quality,Executive,North East,Manipur,28/Apr/2013,72
E0342,Ayush Mishra,Male,Human Resource,Manager,East,West Bengal,30/Apr/2013,83
E0343,Shivam Singh,Male,Finance,Assistant Manager,West,Maharashtra,04/May/2013,79
E0344,Amit Chaudhary,Male,Customer Service,Senior Executive,North,Chandigarh,05/May/2013,88
E0345,Ankur Pratap,Male,Business Development,Senior Executive,South,Karnataka,05/May/2013,87
E0346,Pawan Kumar,Male,Finance,Chartered Accountant,North,Uttarakhand,05/May/2013,83
E0347,Madhav Mukund,Male,Analytics,Senior Manager,North East,Assam,07/May/2013,85
E0348,Rahul Saraswat,Male,Sales,Senior Manager,East,West Bengal,10/May/2013,58
E0349,Sachin Singhal,Male,Finance,Senior Manager,Central,Madhya Pradesh,12/May/2013,52
E0350,Gaurav Kumar,Male,Marketing,Manager,South,Kerala,13/May/2013,50
E0351,Paramdeep Singh,Male,Finance,Executive,North East,Manipur,15/May/2013,84
E0352,Nidhi Kumar,Female,Sales,Assistant Manager,North East,Assam,16/May/2013,65
E0353,Manish Chaudhary,Male,Sales,Senior Manager,North,Jammu and Kashmir,17/May/2013,93
E0354,Shilpa Pathela,Female,Sales,Assistant Manager,North,Jammu and Kashmir,19/May/2013,63
E0355,M. Seturaman,Male,Information Technology,Senior Manager,North,Delhi,20/May/2013,71
E0356,Ali Hasan,Male,Sales,Senior Manager,East,West Bengal,21/May/2013,60
E0357,Jitender Lawaria,Male,Customer Service,Assistant Manager,North East,Nagaland,24/May/2013,60
E0358,Manvir Singh,Male,Information Technology,Manager,West,Goa,25/May/2013,61
E0359,Ravi Nath,Male,Finance,Accountant,North,Jammu and Kashmir,28/May/2013,68
E0360,Gaurav Singh,Male,Information Technology,Manager,North,Delhi,29/May/2013,57
E0361,Anshul Bansal,Male,Information Technology,Software Engineer,South,Andhra Pradesh,31/May/2013,63
E0362,Atul Kumar Tomar,Male,Finance,Assistant Manager,North East,Mizoram,31/May/2013,73
E0363,Sethu Madhavan,Male,Sales,Senior Manager,North,Uttar Pradesh,01/Jun/2013,75
E0364,Ozzy Rowling,Male,Sales,Manager,North,Uttar Pradesh,02/Jun/2013,88
E0365,Ajaj Kumar Rana,Male,Information Technology,Manager,North,Chandigarh,02/Jun/2013,54
E0366,Mamta Balhara,Female,Quality,Assistant Manager,North,Haryana,04/Jun/2013,78
E0367,Vivek Gupta,Male,Administration,Senior Manager,North,Punjab,04/Jun/2013,64
E0368,Chinmoyee Sarkar,Male,Sales,Assistant Manager,North East,Mizoram,06/Jun/2013,90
E0369,Manoj Kumar Vaish,Male,Customer Service,Senior Manager,Central,Chhattisgarh,11/Jun/2013,76
E0370,Kopal Rajpoot,Female,Analytics,Senior Executive,North,Jammu and Kashmir,12/Jun/2013,82
E0371,Pritiranjan Das,Male,Finance,General Manager,East,West Bengal,12/Jun/2013,68
E0372,Gaurav Mathur,Male,Information Technology,Software Engineer,South,Kerala,13/Jun/2013,91
E0373,Sekhar Reddy,Male,Marketing,Senior Executive,North,Delhi,16/Jun/2013,53
E0374,Sumit Tyagi,Male,Information Technology,Software Engineer,North,Punjab,16/Jun/2013,69
E0375,Alpendu Saini,Male,Sales,General Manager,Central,Madhya Pradesh,16/Jun/2013,54
E0376,Ghanshyam Sharma,Male,Finance,Accountant,Central,Chhattisgarh,17/Jun/2013,56
E0377,Bijendra Pratap Singh,Male,Sales,Senior Manager,South,Andhra Pradesh,18/Jun/2013,78
E0378,manvikakushwaha,Female,Sales,Executive,North,Delhi,18/Jun/2013,95
E0379,Ambarish Kumar,Male,Customer Service,Senior Executive,North,Himachal Pradesh,21/Jun/2013,84
E0380,Satish Kesharwani,Male,Quality,Senior Manager,North,Rajasthan,25/Jun/2013,56
E0381,Vikas Grover,Male,Information Technology,Manager,East,Jharkhand,25/Jun/2013,70
E0382,Puneet Kumar,Male,Customer Service,Assistant Manager,North East,Sikkim,06/Jul/2013,80
E0383,Rajeev Yadav,Male,Analytics,General Manager,Central,Chhattisgarh,10/Jul/2013,53
E0384,Shashi Kant Dahiya,Male,Information Technology,Senior Executive,South,Karnataka,13/Jul/2013,90
E0385,Tabrez Khan,Male,Information Technology,Senior Manager,North,Delhi,14/Jul/2013,72
E0386,Dheeraj Pal Singh,Male,Marketing,Senior Manager,North East,Sikkim,15/Jul/2013,74
E0387,Sudhanshu Jain,Male,Sales,Senior Manager,North,Delhi,16/Jul/2013,71
E0388,Gaurav Mathur,Male,Customer Service,Manager,North,Jammu and Kashmir,16/Jul/2013,56
E0389,Shashikant Yadav,Male,Quality,Executive,North,Haryana,17/Jul/2013,57
E0390,Ramesh Bhagat,Male,Marketing,Senior Executive,Central,Chhattisgarh,21/Jul/2013,61
E0391,Swati Gupta,Female,Quality,Senior Manager,Central,Chhattisgarh,25/Jul/2013,65
E0392,Abhijeet Pratap Singh,Male,Customer Service,Assistant Manager,West,Gujarat,30/Jul/2013,56
E0393,Krishna Murari Sinha,Male,Finance,Executive,East,Odisha,05/Aug/2013,54
E0394,Anurag Kohli,Male,Analytics,Assistant Manager,West,Maharashtra,06/Aug/2013,65
E0395,Govind Singhal,Male,Customer Service,Senior Manager,South,Kerala,12/Aug/2013,81
E0396,Sangeeta Sharma,Female,Sales,Senior Executive,South,Kerala,16/Aug/2013,62
E0397,Sakshi Khanna,Male,Finance,Senior Manager,North East,Tripura,21/Aug/2013,60
E0398,Rohtash Singh,Male,Customer Service,Senior Executive,East,Odisha,22/Aug/2013,83
E0399,Vinay Kumar,Male,Analytics,Executive,South,Tamil Nadu,22/Aug/2013,57
E0400,Chandra Sekhar Suna,Male,Information Technology,Senior Manager,North,Chandigarh,23/Aug/2013,71
E0401,Saju P.C.,Male,Sales,Senior Manager,West,Maharashtra,25/Aug/2013,56
E0402,Mrigendra Kumar Kashyap,Male,Analytics,Senior Executive,East,Bihar,26/Aug/2013,72
E0403,Okendra Singh,Male,Quality,Manager,North East,Arunachal Pradesh,29/Aug/2013,92
E0404,Rishi Airy,Male,Quality,Assistant Manager,East,Bihar,30/Aug/2013,81
E0405,Ravi Shankar Mishra,Male,Management,Senior Manager,North,Punjab,02/Sep/2013,74
E0406,Ashish Kushwaha,Male,Sales,Senior Manager,South,Kerala,03/Sep/2013,56
E0407,Prabhat Kumar Singh,Male,Sales,Senior Manager,North East,Meghalaya,03/Sep/2013,93
E0408,Vikas Singh,Male,Sales,Manager,West,Goa,04/Sep/2013,74
E0409,Nitin Varshney,Male,Quality,Manager,South,Kerala,05/Sep/2013,87
E0410,Subodh Kumar Mishra,Male,Finance,Senior Manager,West,Goa,13/Sep/2013,93
E0411,Satyam Gupta,Male,Information Technology,Software Engineer,East,Odisha,13/Sep/2013,86
E0412,Tapas Mitra,Male,Marketing,Manager,West,Maharashtra,22/Sep/2013,92
E0413,Dinesh Singh,Male,Finance,Executive,West,Maharashtra,22/Sep/2013,54
E0414,Shivam Kumar Gupta,Male,Finance,Senior Accountant,North,Haryana,23/Sep/2013,80
E0415,Ankit Agrawal,Male,Customer Service,Assistant Manager,North East,Assam,26/Sep/2013,55
E0416,Manish Pandey,Male,Administration,Assistant Manager,North,Delhi,27/Sep/2013,76
E0417,Lavish Pratap Singh,Male,Customer Service,Senior Executive,South,Tamil Nadu,28/Sep/2013,55
E0418,Deepak Kumar,Male,Sales,Assistant Manager,West,Goa,13/Oct/2013,50
E0419,Dimple Sharma,Female,Analytics,Senior Manager,North East,Mizoram,14/Oct/2013,51
E0420,Ajay Kumar,Male,Information Technology,Executive,North East,Meghalaya,16/Oct/2013,79
E0421,Ashish Walia,Male,Information Technology,Executive,North East,Manipur,24/Oct/2013,64
E0422,Ritu Tomar,Female,Sales,Manager,Central,Chhattisgarh,25/Oct/2013,87
E0423,Abhijit Paladhi,Male,Analytics,Senior Manager,North East,Tripura,02/Nov/2013,65
E0424,Manoj Kumar,Male,Business Development,Senior Executive,North,Punjab,04/Nov/2013,64
E0425,Pratyush Shrivastava,Male,Marketing,Senior Manager,East,Odisha,08/Nov/2013,92
E0426,Kumar Kundan Srivastava,Male,Marketing,Manager,North,Jammu and Kashmir,09/Nov/2013,61
E0427,Anurag Sharma,Male,Quality,Senior Manager,North,Himachal Pradesh,10/Nov/2013,60
E0428,Pandi Kaviarasu,Male,Quality,Executive,North,Jammu and Kashmir,10/Nov/2013,58
E0429,Gautam Ghatak,Male,Customer Service,Assistant Manager,North,Uttar Pradesh,11/Nov/2013,62
E0430,Nitin Dhawan,Male,Analytics,Manager,North East,Assam,12/Nov/2013,82
E0431,Umesh Taneja,Male,Quality,Executive,South,Andhra Pradesh,12/Nov/2013,90
E0432,Neha Ghai,Female,Quality,Senior Manager,Central,Madhya Pradesh,13/Nov/2013,70
E0433,Kumar Sourabh,Male,Information Technology,Software Engineer,North East,Sikkim,17/Nov/2013,59
E0434,Varun Aggarwal,Male,Analytics,Executive,West,Gujarat,19/Nov/2013,69
E0435,Manmeet Singh,Male,Sales,Assistant Manager,South,Andhra Pradesh,22/Nov/2013,72
E0436,Praveen Kumar,Male,Human Resource,Executive,South,Tamil Nadu,24/Nov/2013,82
E0437,Ratnakar Das,Male,Analytics,Executive,North East,Mizoram,25/Nov/2013,72
E0438,Anju Bhatla,Female,Customer Service,Deputy General Manager,North,Chandigarh,29/Nov/2013,61
E0439,Muthukumar R,Male,Information Technology,Senior Manager,North,Chandigarh,01/Dec/2013,61
E0440,Rachna Bahl,Female,Customer Service,Senior Manager,North East,Arunachal Pradesh,02/Dec/2013,57
E0441,Ravi Malhotra,Male,Analytics,Senior Manager,West,Maharashtra,05/Dec/2013,65
E0442,Praveen Sharma,Male,Information Technology,Tester,North,Punjab,07/Dec/2013,73
E0443,Gaurav Kumar Tyagi,Male,Quality,Senior Manager,North,Delhi,08/Dec/2013,52
E0444,Sanjeev Singh Solanki,Male,Quality,Executive,North East,Sikkim,08/Dec/2013,53
E0445,Saravanan Ramasamy,Male,Information Technology,Designer,North,Delhi,11/Dec/2013,78
E0446,Deepak Kumar Srivastva,Male,Sales,Assistant Manager,North East,Nagaland,13/Dec/2013,89
E0447,Vijay Dhama,Male,Information Technology,Senior Executive,Central,Madhya Pradesh,15/Dec/2013,93
E0448,Tushar Uttam Taware,Male,Customer Service,Executive,Central,Chhattisgarh,16/Dec/2013,51
E0449,Nishakant Yadav,Male,Business Development,Assistant Manager,North East,Mizoram,16/Dec/2013,63
E0450,Amit Singh Chauhan,Male,Information Technology,Senior Manager,South,Kerala,16/Dec/2013,51
E0451,Rajeeb Kumar Tripathy,Male,Finance,Chartered Accountant,West,Maharashtra,19/Dec/2013,51
E0452,Sanjay Shukla,Male,Administration,Manager,North East,Sikkim,20/Dec/2013,66
E0453,Gireesh Bhatt,Male,Marketing,Senior Manager,North,Himachal Pradesh,23/Dec/2013,85
E0454,Tushar Ashok Sidnale,Male,Finance,Accountant,North,Uttarakhand,24/Dec/2013,62
E0455,Radhika Madaan,Female,Marketing,Executive,East,Bihar,26/Dec/2013,80
E0456,Kaushal Kumar,Male,Sales,Senior Manager,East,Jharkhand,29/Dec/2013,50
E0457,Gaurav Kumar Goel,Male,Customer Service,Senior Manager,North,Jammu and Kashmir,31/Dec/2013,69
E0458,Jogender,Male,Finance,Senior Executive,South,Karnataka,01/Jan/2014,64
E0459,Anurag Gupta,Male,Quality,Executive,East,West Bengal,08/Jan/2014,67
E0460,Amit Kumar Rana,Male,Business Development,Senior Manager,North East,Assam,08/Jan/2014,74
E0461,Vivek Kumar Singh,Male,Customer Service,Senior Manager,North East,Mizoram,10/Jan/2014,55
E0462,Usha Sharma,Female,Information Technology,Senior Tester,North,Delhi,10/Jan/2014,62
E0463,Rakesh Sharma,Male,Sales,Executive,South,Tamil Nadu,11/Jan/2014,61
E0464,Bishan D. Chauhan,Male,Information Technology,Executive,Central,Madhya Pradesh,13/Jan/2014,91
E0465,Rakesh Kumar Singh,Male,Analytics,Manager,North East,Meghalaya,13/Jan/2014,87
E0466,Davinder Singh,Male,Information Technology,Software Engineer,North East,Sikkim,16/Jan/2014,79
E0467,Dheeraj Kumar,Male,Customer Service,Manager,North,Delhi,17/Jan/2014,55
E0468,Mayank Goswami,Male,Sales,Executive,North East,Arunachal Pradesh,18/Jan/2014,67
E0469,Manjeet Singh,Male,Customer Service,Executive,Central,Madhya Pradesh,19/Jan/2014,90
E0470,Nikhil Kejriwal,Male,Analytics,Executive,South,Andhra Pradesh,21/Jan/2014,81
E0471,Arvind Singh,Male,Customer Service,Executive,North,Punjab,23/Jan/2014,60
E0472,Kameesh Wattal,Male,Management,Assistant Manager,North,Haryana,27/Jan/2014,51
E0473,Parasappa S.D.,Male,Information Technology,Assistant Manager,East,West Bengal,28/Jan/2014,93
E0474,Gopal Choudhury,Male,Marketing,Senior Manager,North East,Manipur,02/Feb/2014,53
E0475,Prakash Srivastava,Male,Business Development,Assistant Manager,North East,Mizoram,03/Feb/2014,60
E0476,Gaurav Tayal,Male,Information Technology,Executive,South,Karnataka,08/Feb/2014,65
E0477,Bhavit Pant,Male,Quality,Senior Executive,South,Tamil Nadu,08/Feb/2014,53
E0478,Uttam Singh Rawat,Male,Quality,Manager,North,Delhi,09/Feb/2014,87
E0479,Deepak Kumar,Male,Quality,Executive,North East,Nagaland,12/Feb/2014,95
E0480,Jainendra Singh,Male,Sales,Senior Executive,North East,Meghalaya,14/Feb/2014,78
E0481,Vinod Kumar Kemwal,Male,Marketing,Assistant Manager,East,Bihar,16/Feb/2014,59
E0482,Praveen Kapoor,Male,Sales,Deputy General Manager,West,Gujarat,17/Feb/2014,92
E0483,Kiran Bhatnagar,Female,Quality,Assistant Manager,North East,Meghalaya,20/Feb/2014,52
E0484,Neeraj Kumar Tyagi,Male,Customer Service,Senior Executive,South,Andhra Pradesh,03/Mar/2014,52
E0485,Arjit Gandharva,Male,Information Technology,Executive,North,Delhi,03/Mar/2014,90
E0486,Pramod H Deore,Male,Finance,Executive,South,Tamil Nadu,05/Mar/2014,80
E0487,Yatish Kumar,Male,Quality,Executive,North,Chandigarh,05/Mar/2014,84
E0488,Rakesh Kumar,Male,Analytics,Assistant Manager,North,Rajasthan,06/Mar/2014,59
E0489,Prabhdeep Singh,Male,Business Development,Deputy General Manager,East,Jharkhand,07/Mar/2014,61
E0490,Mohan Thippeswamy,Male,Business Development,Manager,North,Chandigarh,07/Mar/2014,73
E0491,Mukul Kumar Singh,Male,Quality,Senior Manager,North,Himachal Pradesh,08/Mar/2014,69
E0492,Prabhjot Kaur,Female,Sales,Executive,North East,Sikkim,09/Mar/2014,81
E0493,Rohan Pahwa,Male,Marketing,Senior Executive,Central,Madhya Pradesh,13/Mar/2014,76
E0494,Pankaj Pandey,Male,Finance,Chartered Accountant,North,Punjab,18/Mar/2014,59
E0495,Anupam Singh,Male,Information Technology,Manager,South,Kerala,22/Mar/2014,55
E0496,Ravindra Kumar Vishwakarma,Male,Business Development,Assistant Manager,North East,Meghalaya,27/Mar/2014,95
E0497,Sarvesh Kumar Singh,Male,Customer Service,Senior Manager,North East,Manipur,27/Mar/2014,56
E0498,Prabhakar Tiwari,Male,Marketing,Senior Manager,South,Kerala,30/Mar/2014,85
E0499,Rupali Saraswat,Female,Customer Service,Assistant Manager,West,Goa,05/Apr/2014,51
E0500,Vivek Saddi,Male,Customer Service,Executive,North,Jammu and Kashmir,08/Apr/2014,68
E0501,Arti Rajput,Female,Business Development,Senior Manager,East,Odisha,09/Apr/2014,86
E0502,Santosh Kumar Sahoo,Male,Customer Service,Senior Executive,East,Odisha,10/Apr/2014,90
E0503,Umesh Kumar Sood,Male,Customer Service,Assistant Manager,North,Rajasthan,11/Apr/2014,53
E0504,Sunil Madaan,Male,Marketing,Senior Manager,North,Haryana,11/Apr/2014,93
E0505,Dhirendra Kumar Senapati,Male,Information Technology,Manager,North East,Mizoram,12/Apr/2014,71
E0506,Vishvash Nigam,Male,Information Technology,Software Engineer,North,Uttar Pradesh,15/Apr/2014,80
E0507,Howard Simpson,Male,Marketing,Senior Manager,North East,Assam,19/Apr/2014,73
E0508,Harvansh Singh Sagar,Male,Finance,Senior Manager,Central,Chhattisgarh,19/Apr/2014,55
E0509,Birendra Kumar Jha,Male,Analytics,Senior Executive,East,West Bengal,24/Apr/2014,84
E0510,Jatin Behal,Male,Customer Service,Assistant Manager,North,Punjab,24/Apr/2014,80
E0511,Amit Kumar Mishra,Male,Analytics,Senior Executive,South,Karnataka,28/Apr/2014,65
E0512,Amit Kumar Goel,Male,Quality,Senior Executive,North,Uttarakhand,28/Apr/2014,83
E0513,Mayank Sharma,Male,Finance,Manager,North East,Tripura,29/Apr/2014,62
E0514,Nitish Bhardwaj,Male,Marketing,Senior Manager,North East,Nagaland,01/May/2014,57
E0515,Anand Kashyap,Male,Quality,Executive,East,Jharkhand,03/May/2014,63
E0516,Vikas Aggarwal,Male,Marketing,Manager,North,Himachal Pradesh,07/May/2014,62
E0517,Smriti Bhaskar,Male,Finance,Executive,West,Maharashtra,10/May/2014,84
E0518,Shivendra Singh,Male,Customer Service,Manager,East,Bihar,11/May/2014,80
E0519,Anup Singh,Male,Analytics,Assistant Manager,North East,Meghalaya,14/May/2014,54
E0520,Jitender Singh Rawat,Male,Marketing,Executive,East,Bihar,15/May/2014,72
E0521,Ronnie Bush,Male,Analytics,Senior Executive,North East,Arunachal Pradesh,22/May/2014,50
E0522,Rajiv Ranjan Pandey,Male,Analytics,Senior Manager,North,Himachal Pradesh,24/May/2014,83
E0523,Shailesh Awasthi,Male,Administration,Executive,North East,Nagaland,24/May/2014,83
E0524,Alfred Hawking,Male,Analytics,Assistant Manager,North,Rajasthan,24/May/2014,91
E0525,Anil Kumar Rawat,Male,Information Technology,Senior Manager,East,West Bengal,25/May/2014,86
E0526,Aditya Tiwari,Male,Administration,Assistant Vice President,North East,Sikkim,26/May/2014,77
E0527,Harleen Kaur,Male,Finance,Assistant Manager,South,Kerala,28/May/2014,50
E0528,Ankit Awal,Male,Administration,Senior Executive,North East,Manipur,01/Jun/2014,95
E0529,R. Arul Selvaraj,Male,Customer Service,General Manager,North,Uttar Pradesh,02/Jun/2014,86
E0530,Dalip Vaish,Male,Customer Service,Executive,South,Kerala,08/Jun/2014,95
E0531,Amanjot Singh,Male,Human Resource,Manager,West,Goa,08/Jun/2014,77
E0532,Navodit Chauhan,Male,Marketing,Assistant Manager,North East,Mizoram,08/Jun/2014,89
E0533,Anuj Bhatia,Male,Customer Service,Assistant Manager,East,Jharkhand,10/Jun/2014,60
E0534,Deepain Srivastava,Male,Customer Service,Executive,East,West Bengal,11/Jun/2014,53
E0535,Dhananjay Joshi,Male,Business Development,Senior Executive,North,Rajasthan,12/Jun/2014,66
E0536,Vijay Kumar,Male,Management,Assistant Manager,North,Delhi,18/Jun/2014,67
E0537,Ganesan S,Male,Business Development,Manager,North,Himachal Pradesh,18/Jun/2014,84
E0538,Amit Madhok,Male,Marketing,Manager,North East,Mizoram,21/Jun/2014,86
E0539,Nitin Gupta,Male,Finance,Assistant Vice President,North East,Nagaland,23/Jun/2014,61
E0540,Sabir Ali Khan,Male,Marketing,Senior Executive,North,Uttar Pradesh,25/Jun/2014,53
E0541,Shubhra Verma,Female,Analytics,Manager,East,West Bengal,28/Jun/2014,58
E0542,Vinod Kumar Verma,Male,Finance,Senior Executive,North,Delhi,03/Jul/2014,87
E0543,Aviral Saxena,Male,Customer Service,Senior Executive,West,Goa,09/Jul/2014,84
E0544,Raj Kumar Malakar,Male,Administration,Senior Executive,South,Andhra Pradesh,09/Jul/2014,56
E0545,Naushad Ali,Male,Quality,Executive,North East,Mizoram,12/Jul/2014,93
E0546,Amit Sharma,Male,Customer Service,Manager,East,Odisha,13/Jul/2014,71
E0547,Manoj Kumar Majhi,Male,Sales,Manager,East,Bihar,14/Jul/2014,56
E0548,Nishtha Chatterjee,Female,Sales,Senior Executive,North East,Mizoram,15/Jul/2014,54
E0549,Debasisa Jena,Female,Analytics,Manager,North East,Tripura,18/Jul/2014,64
E0550,Raviraj Arun Umardand,Male,Marketing,Manager,North,Punjab,19/Jul/2014,92
E0551,Ratnakar Mishra,Male,Customer Service,Senior Executive,North,Delhi,19/Jul/2014,62
E0552,Himanshu Babbar,Male,Quality,Manager,North,Punjab,22/Jul/2014,84
E0553,Ozzy Dickens,Male,Finance,Manager,East,Odisha,24/Jul/2014,90
E0554,Ashish Jha,Male,Information Technology,Executive,North,Uttar Pradesh,25/Jul/2014,84
E0555,Hariom Singh Bisht,Male,Business Development,Manager,North,Delhi,25/Jul/2014,61
E0556,Tulsidas Shantaram Gawas,Male,Analytics,Executive,North,Haryana,26/Jul/2014,64
E0557,Prem Kumar,Male,Finance,Accountant,South,Tamil Nadu,27/Jul/2014,65
E0558,Amit Dhamija,Male,Business Development,Manager,North,Delhi,27/Jul/2014,71
E0559,Robinson Philip,Male,Sales,Manager,North,Rajasthan,28/Jul/2014,73
E0560,Abhijeet Kuber Godhade,Male,Quality,Assistant Manager,West,Maharashtra,29/Jul/2014,57
E0561,Surabhi Agrawal,Male,Marketing,Manager,North,Rajasthan,30/Jul/2014,58
E0562,Vikas Dhir,Male,Customer Service,Executive,North East,Manipur,31/Jul/2014,82
E0563,Deepak Kumar,Male,Finance,President,North,Punjab,31/Jul/2014,60
E0564,Rishikesh Sengar,Male,Finance,Executive,North,Uttarakhand,04/Aug/2014,88
E0565,Sumedha Pathak,Male,Finance,Senior Manager,South,Andhra Pradesh,05/Aug/2014,63
E0566,Pooja Agarwal,Female,Sales,Executive,West,Maharashtra,07/Aug/2014,87
E0567,Charles Davis,Male,Information Technology,Manager,Central,Chhattisgarh,09/Aug/2014,93
E0568,Himanshu Goswami,Male,Information Technology,Assistant Manager,South,Andhra Pradesh,10/Aug/2014,90
E0569,Johnny Caine,Male,Information Technology,Senior Executive,North,Haryana,11/Aug/2014,73
E0570,Lokesh Singh Rana,Male,Marketing,Senior Executive,East,Bihar,11/Aug/2014,77
E0571,Chuck West,Male,Information Technology,Senior Manager,East,Jharkhand,14/Aug/2014,74
E0572,Rupendra Kumar Kaushal,Male,Marketing,Senior Executive,North,Chandigarh,14/Aug/2014,86
E0573,Sanjay Arora,Male,Finance,Senior Executive,South,Karnataka,16/Aug/2014,65
E0574,Rohit Dua,Male,Quality,Assistant Manager,North East,Nagaland,16/Aug/2014,62
E0575,Rajiv Gupta,Male,Sales,Executive,North,Uttar Pradesh,21/Aug/2014,62
E0576,Yash Pal Dhawan,Male,Customer Service,Manager,North,Chandigarh,22/Aug/2014,74
E0577,Dushyant Kumar,Male,Marketing,Manager,West,Maharashtra,25/Aug/2014,67
E0578,Sachin Kumar Gupta,Male,Marketing,Senior Executive,North,Rajasthan,28/Aug/2014,75
E0579,Maitreya Badola,Male,Sales,Manager,West,Gujarat,31/Aug/2014,61
E0580,Ravi Solanki,Male,Customer Service,Manager,East,West Bengal,01/Sep/2014,73
E0581,Mayur Kumar,Male,Customer Service,Senior Manager,North,Chandigarh,02/Sep/2014,65
E0582,Keshav Mahendru,Male,Analytics,Executive,East,Jharkhand,08/Sep/2014,88
E0583,Gaurav Khanna,Male,Management,Senior Executive,North,Delhi,08/Sep/2014,63
E0584,Manish Kumar Mittal,Male,Information Technology,Assistant Manager,North East,Mizoram,11/Sep/2014,59
E0585,Saurav Jindal,Male,Finance,Manager,North,Jammu and Kashmir,13/Sep/2014,63
E0586,Anurag Saini,Male,Marketing,Manager,North East,Assam,14/Sep/2014,72
E0587,Pardeep Kaur,Female,Business Development,Senior Manager,South,Karnataka,14/Sep/2014,82
E0588,Rakesh Kumar,Male,Sales,Senior Executive,North East,Meghalaya,16/Sep/2014,71
E0589,Bharat R,Male,Marketing,Manager,North East,Nagaland,17/Sep/2014,67
E0590,Sanjay Kumar,Male,Business Development,Senior Executive,North East,Manipur,17/Sep/2014,91
E0591,Jagmohan Talwar,Male,Quality,Assistant Manager,North,Himachal Pradesh,24/Sep/2014,70
E0592,Rajay Kumar,Male,Marketing,Senior Manager,North,Uttar Pradesh,26/Sep/2014,53
E0593,Aayush Sibal,Male,Finance,Manager,North East,Assam,26/Sep/2014,67
E0594,Rahul Arora,Male,Management,Managing Director,North,Uttarakhand,27/Sep/2014,78
E0595,Kailash Chandra Joshi,Male,Information Technology,Senior Manager,South,Tamil Nadu,04/Oct/2014,89
E0596,Vijay Saxena,Male,Sales,Senior Executive,South,Andhra Pradesh,10/Oct/2014,95
E0597,Ch.Siva Rama Krishna,Male,Customer Service,Manager,North East,Assam,10/Oct/2014,78
E0598,Abhishek Kumar,Male,Information Technology,Manager,North,Delhi,14/Oct/2014,85
E0599,Mohit Dubey,Male,Information Technology,Assistant Manager,West,Maharashtra,15/Oct/2014,80
E0600,Sameer Srivastava,Male,Customer Service,Senior Manager,North East,Tripura,17/Oct/2014,68
E0601,Mohit Sharma,Male,Sales,Assistant Manager,North East,Arunachal Pradesh,20/Oct/2014,70
E0602,Pravin Kumar Sharma,Male,Customer Service,Executive,North East,Assam,21/Oct/2014,62
E0603,Aditya Arora,Male,Finance,Executive,North,Rajasthan,21/Oct/2014,67
E0604,Pramod Kumar,Male,Analytics,Executive,North East,Assam,21/Oct/2014,71
E0605,Nishant Krishna,Male,Information Technology,Assistant Manager,North East,Sikkim,23/Oct/2014,80
E0606,Vikas Jain,Male,Sales,Senior Manager,North East,Arunachal Pradesh,25/Oct/2014,68
E0607,Gopal Gora,Male,Sales,Assistant Manager,North,Delhi,28/Oct/2014,93
E0608,Arun Kumar,Male,Finance,Senior Manager,North East,Assam,30/Oct/2014,81
E0609,Hemant Khandelwal,Male,Marketing,Senior Executive,North East,Arunachal Pradesh,31/Oct/2014,69
E0610,Samir Anand,Male,Business Development,Senior Executive,North East,Mizoram,02/Nov/2014,68
E0611,Rajeev Bhushan,Male,Sales,General Manager,North East,Sikkim,07/Nov/2014,61
E0612,Sonika Tyagi,Female,Human Resource,Manager,South,Andhra Pradesh,12/Nov/2014,95
E0613,Praveen Kr Singh,Male,Customer Service,Manager,North,Jammu and Kashmir,19/Nov/2014,55
E0614,Lakshman Yadav,Male,Sales,Assistant Manager,North,Uttarakhand,19/Nov/2014,51
E0615,Madhvi Sharma,Female,Business Development,Assistant Manager,North East,Meghalaya,26/Nov/2014,81
E0616,Manoj Chand,Male,Customer Service,President,North,Delhi,28/Nov/2014,89
E0617,Jagdish Singh,Male,Finance,CFO,East,West Bengal,01/Dec/2014,90
E0618,Alok Aman,Male,Marketing,Executive,North East,Sikkim,02/Dec/2014,53
E0619,Roma Muttoo,Female,Quality,Manager,North,Haryana,02/Dec/2014,88
E0620,Ashish Sharma,Male,Sales,Assistant Manager,West,Goa,05/Dec/2014,54
E0621,Vikrant Tripathi,Male,Information Technology,Executive,South,Tamil Nadu,08/Dec/2014,74
E0622,Neha Singh,Female,Information Technology,Senior Manager,North East,Tripura,09/Dec/2014,75
E0623,Amit Kumar,Male,Information Technology,Executive,North,Delhi,14/Dec/2014,90
E0624,Dhiraj Kumar,Male,Information Technology,Software Engineer,North,Delhi,18/Dec/2014,79
E0625,Manjul Mayank Singh,Male,Customer Service,Executive,South,Kerala,26/Dec/2014,51
E0626,Tarun Kumar Garg,Male,Business Development,Senior Executive,Central,Madhya Pradesh,26/Dec/2014,87
E0627,Ramesh Kumar Gaur,Male,Customer Service,Assistant Manager,South,Kerala,02/Jan/2015,62
E0628,Suresh Chand,Male,Business Development,Assistant Manager,North,Uttar Pradesh,03/Jan/2015,68
E0629,Maneet Sehgal,Male,Quality,Manager,North,Delhi,03/Jan/2015,78
E0630,Vishal Agarwal,Male,Marketing,Manager,North East,Nagaland,10/Jan/2015,62
E0631,Ashwani Kumar,Male,Sales,Executive,North,Chandigarh,11/Jan/2015,79
E0632,Mahesh Chand Gupta,Male,Marketing,Manager,South,Andhra Pradesh,13/Jan/2015,54
E0633,Deepak Kumar Jain,Male,Analytics,Manager,North East,Arunachal Pradesh,13/Jan/2015,76
E0634,Indra Bahadur Singh,Male,Business Development,Executive,North,Himachal Pradesh,13/Jan/2015,60
E0635,Neha Chauhan,Female,Analytics,Senior Manager,East,Jharkhand,15/Jan/2015,63
E0636,Tushar Ramesh Shimpi,Male,Finance,Executive,South,Andhra Pradesh,16/Jan/2015,87
E0637,Pankaj Kumar Chhipa,Male,Marketing,Senior Manager,South,Andhra Pradesh,20/Jan/2015,62
E0638,Avinash Yohan Kadam,Male,Business Development,Assistant Manager,South,Karnataka,20/Jan/2015,59
E0639,Brijender Pratap Singh,Male,Finance,Executive,East,West Bengal,22/Jan/2015,58
E0640,Rajeev Bhalla,Male,Information Technology,Senior Executive,East,West Bengal,23/Jan/2015,64
E0641,Deepak Kumar,Male,Finance,Chartered Accountant,North East,Arunachal Pradesh,31/Jan/2015,59
E0642,R. Babu,Male,Sales,Senior Executive,North,Delhi,01/Feb/2015,93
E0643,Mahima Kapoor,Female,Marketing,Assistant Manager,West,Goa,02/Feb/2015,68
E0644,Dasari Vijaya Jyothiramu,Male,Analytics,Assistant Manager,North,Rajasthan,03/Feb/2015,69
E0645,Deepali Dhar,Female,Analytics,Deputy General Manager,East,Odisha,04/Feb/2015,78
E0646,Jaiswal Sandeep M,Male,Quality,Senior Executive,North,Punjab,12/Feb/2015,87
E0647,Manish Singh,Male,Information Technology,Software Engineer,South,Tamil Nadu,13/Feb/2015,54
E0648,Anuj Bansal,Male,Customer Service,Deputy General Manager,North,Jammu and Kashmir,17/Feb/2015,79
E0649,Geeta Bajaj,Female,Quality,Executive,East,West Bengal,19/Feb/2015,53
E0650,Manish Kumar Bansal,Male,Analytics,Senior Manager,North East,Assam,19/Feb/2015,92
E0651,Varun Sharma,Male,Marketing,Assistant Manager,North,Delhi,20/Feb/2015,58
E0652,Shalabh Kumar Singhal,Male,Business Development,Manager,South,Tamil Nadu,20/Feb/2015,73
E0653,Pankaj Kumar,Male,Customer Service,Executive,North East,Sikkim,23/Feb/2015,80
E0654,Johnny Roberts,Male,Marketing,Senior Executive,South,Tamil Nadu,24/Feb/2015,60
E0655,Vishal Maheshwari,Male,Business Development,Manager,East,Odisha,24/Feb/2015,51
E0656,Mukesh Kumar,Male,Management,Manager,North East,Tripura,26/Feb/2015,92
E0657,Sujit Kumar Jha,Male,Business Development,Senior Executive,North East,Tripura,02/Mar/2015,52
E0658,Vivek Dhiman,Male,Customer Service,Manager,Central,Madhya Pradesh,03/Mar/2015,86
E0659,Sake Kasappa,Male,Customer Service,Senior Manager,North,Punjab,04/Mar/2015,50
E0660,Sandeep Bhatt,Male,Sales,Manager,North East,Meghalaya,04/Mar/2015,62
E0661,Surya Khanna,Male,Customer Service,General Manager,West,Goa,07/Mar/2015,73
E0662,Aravinth Kumar,Male,Analytics,Executive,North,Delhi,14/Mar/2015,68
E0663,Sudhir Arora,Male,Finance,Executive,East,West Bengal,14/Mar/2015,86
E0664,Deepak Kumar Agrawal,Male,Business Development,Executive,North East,Manipur,16/Mar/2015,68
E0665,Ravishek Kumar,Male,Quality,Senior Manager,Central,Chhattisgarh,20/Mar/2015,57
E0666,Suraj Prakash,Male,Analytics,Executive,South,Tamil Nadu,20/Mar/2015,59
E0667,Abhishek Pathak,Male,Information Technology,Assistant Manager,West,Goa,22/Mar/2015,88
E0668,Rajesh Kurup,Male,Information Technology,Assistant Manager,East,West Bengal,25/Mar/2015,87
E0669,Rajeev Kumar Baliyan,Male,Marketing,Executive,South,Andhra Pradesh,25/Mar/2015,94
E0670,Karthikeyan T,Male,Business Development,Executive,North,Delhi,25/Mar/2015,50
E0671,Jayaraju Ambati,Male,Information Technology,Executive,East,Odisha,28/Mar/2015,90
E0672,Manish Kumar Singh,Male,Information Technology,Software Engineer,North East,Sikkim,29/Mar/2015,65
E0673,Vineet Arora,Male,Finance,Senior Manager,North,Uttar Pradesh,31/Mar/2015,69
E0674,Kuljeet Singh,Male,Sales,Senior Executive,North,Uttar Pradesh,01/Apr/2015,85
E0675,Nidhi Bhargava,Female,Marketing,Manager,East,Jharkhand,01/Apr/2015,83
E0676,Avinash Rai,Male,Information Technology,Senior Manager,Central,Madhya Pradesh,03/Apr/2015,54
E0677,Anurag Sharma,Male,Sales,Assistant Manager,West,Goa,10/Apr/2015,65
E0678,Noopur Anand,Female,Marketing,Executive,North East,Manipur,10/Apr/2015,88
E0679,Meenal Rajput,Male,Finance,Senior Executive,South,Tamil Nadu,22/Apr/2015,82
E0680,Souvik Acharya,Male,Business Development,Executive,North,Delhi,25/Apr/2015,51
E0681,Asif Khan,Male,Finance,Executive,North,Himachal Pradesh,27/Apr/2015,76
E0682,Ritesh Kumar,Male,Quality,Executive,North,Delhi,28/Apr/2015,67
E0683,Govind Sharma,Male,Sales,Assistant Manager,North,Himachal Pradesh,29/Apr/2015,77
E0684,Arjun Singh,Male,Sales,Senior Manager,North,Rajasthan,07/May/2015,80
E0685,Arun Kumar,Male,Business Development,Senior Manager,East,West Bengal,07/May/2015,74
E0686,Shrikrishan Sharma,Male,Administration,Assistant Manager,North,Uttar Pradesh,09/May/2015,92
E0687,Renu Negi,Female,Analytics,Executive,West,Goa,12/May/2015,86
E0688,Rashmi Punia,Female,Analytics,Senior Manager,West,Gujarat,12/May/2015,57
E0689,Shaleena Grover,Female,Marketing,Senior Executive,North East,Arunachal Pradesh,14/May/2015,87
E0690,Ramesh Saini,Male,Administration,Executive,North East,Arunachal Pradesh,15/May/2015,85
E0691,Kulesh Jha,Male,Quality,Senior Manager,North,Delhi,25/May/2015,68
E0692,Ashutosh Chaubey,Male,Information Technology,Assistant Manager,North,Rajasthan,31/May/2015,56
E0693,Sanjeev Kumar,Male,Sales,Senior Manager,North,Delhi,03/Jun/2015,67
E0694,Rakesh Khurana,Male,Human Resource,Senior Executive,West,Goa,03/Jun/2015,88
E0695,Ashwani Kumar Singh,Male,Management,Director,East,Odisha,05/Jun/2015,93
E0696,Mohit Kaushik,Male,Sales,Executive,South,Tamil Nadu,08/Jun/2015,53
E0697,Tanuj Mittal,Male,Sales,Senior Executive,South,Andhra Pradesh,12/Jun/2015,63
E0698,Pankaj Kumar,Male,Quality,Senior Executive,North,Rajasthan,19/Jun/2015,94
E0699,Tarun Kumar,Male,Quality,Senior Executive,North,Punjab,20/Jun/2015,61
E0700,Ram Narayan,Male,Information Technology,Senior Executive,North,Chandigarh,21/Jun/2015,83
E0701,Kunal Bhagi,Male,Sales,Senior Manager,Central,Madhya Pradesh,23/Jun/2015,62
E0702,Geetanjali Aggarwal,Female,Marketing,Executive,North,Jammu and Kashmir,28/Jun/2015,81
E0703,Sandeep Kumar,Male,Marketing,Executive,North East,Sikkim,29/Jun/2015,67
E0704,Shankarshan Mishra,Male,Information Technology,Executive,North,Uttar Pradesh,01/Jul/2015,93
E0705,Alok Singh Yadav,Male,Customer Service,Manager,North,Haryana,02/Jul/2015,74
E0706,Amit Kumar,Male,Customer Service,Senior Executive,North,Jammu and Kashmir,03/Jul/2015,77
E0707,Akshay Arora,Male,Marketing,Senior Executive,South,Andhra Pradesh,05/Jul/2015,69
E0708,Nisha Bassi,Female,Information Technology,Executive,North East,Manipur,08/Jul/2015,61
E0709,Arpit Aggarwal,Male,Information Technology,Senior Executive,North East,Meghalaya,09/Jul/2015,78
E0710,Devesh Bhardwaj,Male,Sales,Manager,Central,Chhattisgarh,12/Jul/2015,68
E0711,Deepika Singh,Male,Finance,Assistant Manager,East,Odisha,14/Jul/2015,68
E0712,P.R.Sajimon,Male,Finance,Senior Executive,East,West Bengal,17/Jul/2015,74
E0713,Devendra Kumar Sharma,Male,Marketing,Executive,North,Punjab,19/Jul/2015,73
E0714,Virendra Gupta,Male,Quality,Senior Executive,North,Chandigarh,24/Jul/2015,95
E0715,Niteesh Changra,Male,Human Resource,Assistant Manager,North,Jammu and Kashmir,28/Jul/2015,66
E0716,Ennam Janardhan,Male,Business Development,Senior Executive,South,Tamil Nadu,02/Aug/2015,85
E0717,Vinod Singh Chauhan,Male,Customer Service,Executive,East,Odisha,03/Aug/2015,70
E0718,Raj Prakash,Male,Marketing,Assistant Manager,North,Delhi,06/Aug/2015,66
E0719,Sandeep Singh Sehrawat,Male,Administration,Vice President,East,Bihar,08/Aug/2015,79
E0720,Pooja Saxena,Female,Customer Service,Senior Executive,East,West Bengal,11/Aug/2015,86
E0721,Asheesh Batra,Male,Marketing,Senior Manager,North,Delhi,11/Aug/2015,75
E0722,Mihir Tulsidas Shinde,Male,Sales,Senior Executive,North,Delhi,14/Aug/2015,77
E0723,Mayank Arora,Male,Business Development,Senior Manager,North,Uttarakhand,14/Aug/2015,86
E0724,Swati Devi,Female,Marketing,Manager,South,Andhra Pradesh,17/Aug/2015,83
E0725,Manibalan D,Male,Marketing,Executive,West,Maharashtra,17/Aug/2015,86
E0726,Basant Kumar,Male,Customer Service,Assistant Manager,North,Rajasthan,19/Aug/2015,62
E0727,Priyanka Agrawal,Female,Customer Service,Executive,West,Gujarat,19/Aug/2015,51
E0728,Sachin Katariya,Male,Quality,Manager,North,Haryana,22/Aug/2015,50
E0729,Yeetesh Verma,Male,Customer Service,Executive,North East,Meghalaya,23/Aug/2015,70
E0730,Meenu Gupta,Female,Information Technology,Assistant Manager,West,Maharashtra,27/Aug/2015,93
E0731,Anil Kumar,Male,Business Development,Assistant Manager,West,Gujarat,04/Sep/2015,76
E0732,Shadab Asar Khan,Male,Business Development,Senior Executive,North East,Tripura,05/Sep/2015,77
E0733,Gunjesh Ranjan,Male,Marketing,Executive,North East,Arunachal Pradesh,08/Sep/2015,50
E0734,Kratika Bhatnagar,Female,Analytics,Senior Executive,South,Andhra Pradesh,08/Sep/2015,79
E0735,Vandana Kumra,Female,Information Technology,Senior Manager,North,Delhi,10/Sep/2015,59
E0736,Swati Singh,Female,Analytics,Senior Executive,North East,Mizoram,10/Sep/2015,89
E0737,Gurmeet Singh Virdi,Male,Customer Service,Executive,North East,Mizoram,11/Sep/2015,82
E0738,Diwaker Singh,Male,Customer Service,Senior Executive,South,Karnataka,14/Sep/2015,60
E0739,Sandeep Oli,Male,Analytics,Assistant Manager,North,Delhi,23/Sep/2015,73
E0740,Pushpendra Kumar Mishra,Male,Analytics,Executive,North,Himachal Pradesh,26/Sep/2015,52
E0741,Betty Anan,Male,Finance,Chartered Accountant,West,Maharashtra,28/Sep/2015,88
E0742,Vinod Saini,Male,Information Technology,Senior Manager,West,Goa,30/Sep/2015,90
E0743,Gloria Silverstone,Female,Sales,Senior Manager,North,Uttar Pradesh,04/Oct/2015,94
E0744,Alok Saraswat,Male,Analytics,Manager,North,Haryana,06/Oct/2015,82
E0745,DevDutt Aggarwal,Male,Information Technology,Software Engineer,East,Odisha,07/Oct/2015,84
E0746,Ankit Agrawal,Male,Marketing,Assistant Manager,East,Odisha,08/Oct/2015,60
E0747,Udham Singh Sorout,Male,Marketing,Senior Manager,East,Odisha,10/Oct/2015,82
E0748,Krishan Kant Prasad,Male,Information Technology,Manager,East,Jharkhand,11/Oct/2015,92
E0749,Praveen Sharma,Male,Customer Service,Senior Executive,North East,Meghalaya,12/Oct/2015,94
E0750,Ajay Kumar,Male,Sales,Manager,North,Uttar Pradesh,15/Oct/2015,52
E0751,Satendar Kumar Kashyap,Male,Information Technology,Assistant Manager,North East,Arunachal Pradesh,15/Oct/2015,76
E0752,Saurabh Arora,Male,Business Development,Assistant Manager,Central,Chhattisgarh,16/Oct/2015,78
E0753,Sumit Kumar Gupta,Male,Business Development,Senior Executive,North,Uttarakhand,19/Oct/2015,77
E0754,Abhishek Sharma,Male,Sales,Senior Manager,North,Rajasthan,19/Oct/2015,93
E0755,Mahendra Kumar Verma,Male,Administration,Assistant Manager,West,Gujarat,21/Oct/2015,70
E0756,Rajeev Kumar Rajput,Male,Customer Service,Senior Executive,East,West Bengal,23/Oct/2015,89
E0757,Saurabh Sharma,Male,Customer Service,Senior Manager,West,Maharashtra,23/Oct/2015,62
E0758,Niranjan Vijayakumar,Male,Information Technology,Manager,North East,Manipur,24/Oct/2015,70
E0759,Vedanti Vijay Barge,Female,Customer Service,Executive,North East,Manipur,25/Oct/2015,70
E0760,Anuj Suri,Male,Customer Service,Executive,East,Bihar,26/Oct/2015,61
E0761,Rahul Tiwari,Male,Information Technology,Software Engineer,North East,Sikkim,29/Oct/2015,89
E0762,Kaveri Garg,Female,Information Technology,Executive,West,Goa,04/Nov/2015,90
E0763,Govind Singh,Male,Sales,Senior Manager,North East,Arunachal Pradesh,05/Nov/2015,91
E0764,Ankit Bansal,Male,Analytics,Executive,North East,Mizoram,07/Nov/2015,90
E0765,Lily Jain,Female,Analytics,Executive,North,Jammu and Kashmir,08/Nov/2015,80
E0766,Shashank Sahu,Male,Marketing,Senior Executive,South,Karnataka,09/Nov/2015,91
E0767,Sachin Sharma,Male,Marketing,Senior Executive,West,Gujarat,09/Nov/2015,63
E0768,Roshan Kumar Singh,Male,Marketing,Senior Manager,North,Chandigarh,11/Nov/2015,58
E0769,Jyoti Sharma,Female,Marketing,Executive,West,Maharashtra,14/Nov/2015,61
E0770,Abhishek Haribabu Gadilkar,Male,Sales,Senior Manager,North,Uttarakhand,19/Nov/2015,69
E0771,Surender Puri,Male,Information Technology,Software Engineer,North,Chandigarh,22/Nov/2015,69
E0772,Umesh Mehta,Male,Information Technology,Senior Manager,South,Andhra Pradesh,23/Nov/2015,89
E0773,Shabbir Hussain,Male,Customer Service,Manager,East,Bihar,24/Nov/2015,61
E0774,Dheeraj Indra Prakash,Male,Finance,Assistant Manager,East,West Bengal,29/Nov/2015,63
E0775,Masayo Kitahara,Female,Administration,Manager,South,Tamil Nadu,29/Nov/2015,79
E0776,Saurav Kumar,Male,Sales,Senior Manager,East,Bihar,01/Dec/2015,56
E0777,John Jennings,Male,Analytics,Executive,East,Jharkhand,04/Dec/2015,55
E0778,Mohit Malik,Male,Marketing,Manager,North East,Sikkim,08/Dec/2015,94
E0779,Saurabh Agnihotri,Male,Sales,Senior Manager,East,Bihar,11/Dec/2015,86
E0780,Alok Kumar Singh,Male,Marketing,Senior Executive,South,Andhra Pradesh,12/Dec/2015,78
E0781,Vikas Garg,Male,Analytics,Senior Executive,North,Haryana,13/Dec/2015,72
E0782,Ashish Mehta,Male,Finance,Cost Accountant,North,Uttar Pradesh,15/Dec/2015,75
E0783,Komal Dhamija,Female,Analytics,Executive,Central,Madhya Pradesh,15/Dec/2015,82
E0784,Anjali Kumari,Female,Business Development,Executive,North East,Assam,20/Dec/2015,88
E0785,Saravanan Krishnamoorthy,Male,Marketing,Senior Manager,East,Odisha,23/Dec/2015,59
